timeframe,candle_time_et,open,close,low,high,range,one_third,1st,2nd,3rd
3m,2026-09-30 10:54 AM ET,12.205000,12.215000,12.205000,12.220000,0.015000,0.005000,12.210000,12.215000,12.220000
3m,2026-09-30 10:51 AM ET,12.210000,12.201300,12.200000,12.225000,0.025001,0.008334,12.208333,12.216667,12.225000
3m,2026-09-30 10:48 AM ET,12.225000,12.205000,12.200000,12.230000,0.030000,0.010000,12.210000,12.220000,12.230000
3m,2026-09-30 10:45 AM ET,12.215000,12.221700,12.210000,12.230000,0.020000,0.006667,12.216667,12.223333,12.230000
3m,2026-09-30 10:42 AM ET,12.215000,12.210000,12.210000,12.230000,0.020000,0.006667,12.216667,12.223333,12.230000
3m,2026-09-30 10:39 AM ET,12.230000,12.220000,12.210000,12.235000,0.025000,0.008333,12.218333,12.226666,12.235000
3m,2026-09-30 10:36 AM ET,12.240600,12.229900,12.215000,12.250000,0.035000,0.011667,12.226667,12.238333,12.250000
3m,2026-09-30 10:33 AM ET,12.240000,12.245000,12.230000,12.250000,0.020000,0.006667,12.236666,12.243333,12.250000
3m,2026-09-30 10:30 AM ET,12.250000,12.245000,12.240000,12.265400,0.025400,0.008467,12.248466,12.256933,12.265400
3m,2026-09-30 10:27 AM ET,12.255000,12.252896,12.240000,12.260000,0.020000,0.006667,12.246667,12.253333,12.260000
3m,2026-09-30 10:24 AM ET,12.270500,12.255000,12.250000,12.270500,0.020500,0.006833,12.256833,12.263667,12.270500
3m,2026-09-30 10:21 AM ET,12.288400,12.275000,12.260000,12.290000,0.030000,0.010000,12.270000,12.280000,12.290000
3m,2026-09-30 10:18 AM ET,12.295000,12.290000,12.280000,12.300000,0.020000,0.006667,12.286667,12.293333,12.300000
3m,2026-09-30 10:15 AM ET,12.270000,12.295000,12.265000,12.297300,0.032300,0.010767,12.275767,12.286534,12.297300
3m,2026-09-30 10:12 AM ET,12.239200,12.275000,12.239200,12.290000,0.050800,0.016933,12.256133,12.273067,12.290000
3m,2026-09-30 10:09 AM ET,12.257400,12.239900,12.224168,12.260000,0.035832,0.011944,12.236112,12.248056,12.260000
3m,2026-09-30 10:06 AM ET,12.260000,12.265000,12.260000,12.300000,0.040000,0.013333,12.273334,12.286667,12.300000
3m,2026-09-30 10:03 AM ET,12.185000,12.265000,12.160000,12.270000,0.110001,0.036667,12.196667,12.233334,12.270000
3m,2026-09-30 10:00 AM ET,12.170000,12.185000,12.150000,12.185000,0.035001,0.011667,12.161667,12.173333,12.185000
3m,2026-09-30 09:57 AM ET,12.199900,12.170000,12.160000,12.200000,0.040000,0.013333,12.173333,12.186666,12.200000
15m,2026-09-30 10:30 AM ET,12.250000,12.210000,12.210000,12.265400,0.055400,0.018467,12.228467,12.246933,12.265400
15m,2026-09-30 10:15 AM ET,12.270000,12.252896,12.240000,12.300000,0.060000,0.020000,12.260000,12.280000,12.300000
15m,2026-09-30 10:00 AM ET,12.170000,12.275000,12.150000,12.300000,0.150001,0.050000,12.200000,12.250000,12.300000
15m,2026-09-30 09:45 AM ET,12.255000,12.170000,12.160000,12.280000,0.120000,0.040000,12.200000,12.240000,12.280000
15m,2026-09-30 09:30 AM ET,12.370000,12.255000,12.210000,12.388200,0.178200,0.059400,12.269400,12.328800,12.388200
15m,2026-09-29 03:45 PM ET,12.310000,12.310000,12.280000,12.310000,0.030001,0.010000,12.290000,12.300000,12.310000
15m,2026-09-29 03:30 PM ET,12.295000,12.305000,12.290000,12.320000,0.030000,0.010000,12.300000,12.310000,12.320000
15m,2026-09-29 03:15 PM ET,12.319900,12.299900,12.290000,12.320000,0.030000,0.010000,12.300000,12.310000,12.320000
15m,2026-09-29 03:00 PM ET,12.305000,12.310000,12.290000,12.320000,0.030000,0.010000,12.300000,12.310000,12.320000
15m,2026-09-29 02:45 PM ET,12.325000,12.305000,12.300000,12.330000,0.030000,0.010000,12.310000,12.320000,12.330000
15m,2026-09-29 02:30 PM ET,12.299900,12.325000,12.284000,12.350000,0.066000,0.022000,12.306000,12.328000,12.350000
15m,2026-09-29 02:15 PM ET,12.295000,12.295000,12.290000,12.320000,0.030000,0.010000,12.300000,12.310000,12.320000
15m,2026-09-29 02:00 PM ET,12.290000,12.296818,12.290000,12.320000,0.030000,0.010000,12.300000,12.310000,12.320000
15m,2026-09-29 01:45 PM ET,12.290000,12.285000,12.270000,12.300000,0.030000,0.010000,12.280000,12.290000,12.300000
15m,2026-09-29 01:30 PM ET,12.250000,12.300000,12.250000,12.300000,0.050000,0.016667,12.266667,12.283333,12.300000
15m,2026-09-29 01:15 PM ET,12.249300,12.255000,12.230000,12.260000,0.030001,0.010000,12.240000,12.250000,12.260000
15m,2026-09-29 01:00 PM ET,12.239900,12.245000,12.228000,12.250000,0.022000,0.007333,12.235333,12.242667,12.250000
15m,2026-09-29 12:45 PM ET,12.280000,12.230000,12.230000,12.290000,0.060000,0.020000,12.250000,12.270000,12.290000
15m,2026-09-29 12:30 PM ET,12.310000,12.285000,12.280000,12.310000,0.030001,0.010000,12.290000,12.300000,12.310000
15m,2026-09-29 12:15 PM ET,12.300000,12.300100,12.280000,12.320000,0.040000,0.013333,12.293333,12.306666,12.320000
30m,2026-09-30 10:00 AM ET,12.170000,12.252896,12.150000,12.300000,0.150001,0.050000,12.200000,12.250000,12.300000
30m,2026-09-30 09:30 AM ET,12.370000,12.170000,12.160000,12.388200,0.228200,0.076067,12.236067,12.312133,12.388200
30m,2026-09-29 03:30 PM ET,12.295000,12.310000,12.280000,12.320000,0.040000,0.013333,12.293333,12.306666,12.320000
30m,2026-09-29 03:00 PM ET,12.305000,12.299900,12.290000,12.320000,0.030000,0.010000,12.300000,12.310000,12.320000
30m,2026-09-29 02:30 PM ET,12.299900,12.305000,12.284000,12.350000,0.066000,0.022000,12.306000,12.328000,12.350000
30m,2026-09-29 02:00 PM ET,12.290000,12.295000,12.290000,12.320000,0.030000,0.010000,12.300000,12.310000,12.320000
30m,2026-09-29 01:30 PM ET,12.250000,12.285000,12.250000,12.300000,0.050000,0.016667,12.266667,12.283333,12.300000
30m,2026-09-29 01:00 PM ET,12.239900,12.255000,12.228000,12.260000,0.032001,0.010667,12.238667,12.249333,12.260000
30m,2026-09-29 12:30 PM ET,12.310000,12.230000,12.230000,12.310000,0.080001,0.026667,12.256667,12.283333,12.310000
30m,2026-09-29 12:00 PM ET,12.310000,12.300100,12.280000,12.320000,0.040000,0.013333,12.293333,12.306666,12.320000
30m,2026-09-29 11:30 AM ET,12.300000,12.315000,12.260000,12.320000,0.059999,0.020000,12.280000,12.300000,12.320000
30m,2026-09-29 11:00 AM ET,12.305000,12.295000,12.280000,12.320000,0.040000,0.013333,12.293333,12.306666,12.320000
30m,2026-09-29 10:30 AM ET,12.370000,12.301000,12.280000,12.380000,0.100000,0.033333,12.313333,12.346667,12.380000
30m,2026-09-29 10:00 AM ET,12.325000,12.365000,12.320000,12.380000,0.060000,0.020000,12.340000,12.360000,12.380000
30m,2026-09-29 09:30 AM ET,12.380000,12.325000,12.300000,12.400000,0.099999,0.033333,12.333333,12.366666,12.400000
30m,2026-09-28 03:30 PM ET,12.395000,12.381000,12.350000,12.430000,0.080000,0.026667,12.376667,12.403334,12.430000
30m,2026-09-28 03:00 PM ET,12.455000,12.395000,12.370000,12.455000,0.085000,0.028333,12.398333,12.426667,12.455000
30m,2026-09-28 02:30 PM ET,12.430000,12.455000,12.420000,12.460000,0.040000,0.013333,12.433333,12.446667,12.460000
30m,2026-09-28 02:00 PM ET,12.400000,12.425000,12.380000,12.459900,0.079900,0.026633,12.406633,12.433267,12.459900
30m,2026-09-28 01:30 PM ET,12.410000,12.398300,12.380000,12.420000,0.040000,0.013333,12.393333,12.406667,12.420000
1h,2026-09-30 09:30 AM ET,12.370000,12.252896,12.150000,12.388200,0.238200,0.079400,12.229400,12.308800,12.388200
1h,2026-09-29 03:30 PM ET,12.295000,12.310000,12.280000,12.320000,0.040000,0.013333,12.293333,12.306666,12.320000
1h,2026-09-29 02:30 PM ET,12.299900,12.299900,12.284000,12.350000,0.066000,0.022000,12.306000,12.328000,12.350000
1h,2026-09-29 01:30 PM ET,12.250000,12.295000,12.250000,12.320000,0.070000,0.023333,12.273333,12.296666,12.320000
1h,2026-09-29 12:30 PM ET,12.310000,12.255000,12.228000,12.310000,0.082001,0.027334,12.255333,12.282667,12.310000
1h,2026-09-29 11:30 AM ET,12.300000,12.300100,12.260000,12.320000,0.059999,0.020000,12.280000,12.300000,12.320000
1h,2026-09-29 10:30 AM ET,12.370000,12.295000,12.280000,12.380000,0.100000,0.033333,12.313333,12.346667,12.380000
1h,2026-09-29 09:30 AM ET,12.380000,12.365000,12.300000,12.400000,0.099999,0.033333,12.333333,12.366666,12.400000
1h,2026-09-28 03:30 PM ET,12.395000,12.381000,12.350000,12.430000,0.080000,0.026667,12.376667,12.403334,12.430000
1h,2026-09-28 02:30 PM ET,12.430000,12.395000,12.370000,12.460000,0.090000,0.030000,12.400000,12.430000,12.460000
1h,2026-09-28 01:30 PM ET,12.410000,12.425000,12.380000,12.459900,0.079900,0.026633,12.406633,12.433267,12.459900
1h,2026-09-28 12:30 PM ET,12.440000,12.410000,12.290000,12.465000,0.175000,0.058333,12.348333,12.406667,12.465000
1h,2026-09-28 11:30 AM ET,12.416600,12.450000,12.360000,12.470000,0.110001,0.036667,12.396667,12.433333,12.470000
1h,2026-09-28 10:30 AM ET,12.571934,12.415000,12.410000,12.590000,0.180000,0.060000,12.470000,12.530000,12.590000
1h,2026-09-28 09:30 AM ET,12.630000,12.570100,12.470000,12.669200,0.199200,0.066400,12.536400,12.602800,12.669200
1h,2026-09-25 03:30 PM ET,12.730000,12.705000,12.690000,12.730000,0.040000,0.013333,12.703333,12.716666,12.730000
1h,2026-09-25 02:30 PM ET,12.770000,12.725000,12.710000,12.780000,0.070000,0.023333,12.733333,12.756667,12.780000
1h,2026-09-25 01:30 PM ET,12.740000,12.765000,12.700000,12.780000,0.080000,0.026667,12.726666,12.753333,12.780000
1h,2026-09-25 12:30 PM ET,12.740000,12.735000,12.715000,12.790000,0.075000,0.025000,12.740000,12.765000,12.790000
1h,2026-09-25 11:30 AM ET,12.705000,12.745000,12.670000,12.810000,0.140000,0.046667,12.716667,12.763334,12.810000
1d,2026-09-29,12.380000,12.300000,12.230000,12.400000,0.170000,0.056667,12.286666,12.343333,12.400000
1d,2026-09-28,12.630000,12.380000,12.290000,12.670000,0.380000,0.126667,12.416667,12.543333,12.670000
1d,2026-09-25,12.610000,12.710000,12.530000,12.810000,0.280001,0.093334,12.623333,12.716667,12.810000
1d,2026-09-24,12.950000,12.600000,12.570000,12.990000,0.420000,0.140000,12.710000,12.850000,12.990000
1d,2026-09-23,12.970000,12.940000,12.870000,13.100000,0.230000,0.076667,12.946667,13.023334,13.100000
1d,2026-09-22,13.300000,13.100000,12.980000,13.310000,0.330001,0.110000,13.090000,13.200000,13.310000
1d,2026-09-21,13.350000,13.170000,13.170000,13.450000,0.280000,0.093333,13.263333,13.356667,13.450000
1d,2026-09-18,13.540000,13.210000,12.940000,13.600000,0.660001,0.220000,13.160000,13.380000,13.600000
1d,2026-09-17,13.610000,13.610000,13.590000,13.830000,0.240000,0.080000,13.670000,13.750000,13.830000
1d,2026-09-16,13.540000,13.350000,13.250000,13.570000,0.320000,0.106667,13.356667,13.463333,13.570000
1d,2026-09-15,13.880000,13.500000,13.480000,13.890000,0.410001,0.136667,13.616666,13.753333,13.890000
1d,2026-09-14,13.860000,13.860000,13.740000,13.950000,0.210000,0.070000,13.810000,13.880000,13.950000
1d,2026-09-11,14.090000,13.970000,13.880000,14.130000,0.250000,0.083333,13.963333,14.046667,14.130000
1d,2026-09-10,13.330000,13.880000,13.150000,13.950000,0.800000,0.266667,13.416666,13.683333,13.950000
1d,2026-09-09,13.960000,13.450000,13.450000,14.160000,0.710000,0.236667,13.686666,13.923333,14.160000
1d,2026-09-08,14.600000,14.000000,13.870000,14.600000,0.730000,0.243333,14.113333,14.356667,14.600000
1d,2026-09-04,14.380000,14.620000,14.300000,14.640000,0.340000,0.113333,14.413334,14.526667,14.640000
1d,2026-09-03,14.300000,14.410000,14.060000,14.470000,0.410000,0.136667,14.196667,14.333334,14.470000
1d,2026-09-02,13.880000,14.140000,13.770000,14.240000,0.469999,0.156666,13.926667,14.083333,14.240000
1d,2026-09-01,13.950000,13.840000,13.730000,14.050000,0.320001,0.106667,13.836666,13.943333,14.050000
